GPStime,snr,duration,confidence,ifo,label
1248843684.681,8.488,0.012,0.907,L1,1080Lines
1238179806.105,8.436,4.963,0.948,L1,1080Lines
1252075134.94,9.385,0.02,0.929,L1,1080Lines
1243645823.146,10.26,0.094,0.961,L1,1080Lines
1238190450.324,7.739,3.024,0.902,L1,1080Lines
1243586559.137,11.944,0.094,0.948,L1,1080Lines
1250703026.84,9.741,0.692,0.933,L1,1080Lines
1246314144.063,12.84,2.207,0.947,L1,1080Lines
1238178525.115,9.433,4.457,0.918,L1,1080Lines
1249092135.291,9.209,0.023,0.967,L1,1400Ripples
1250195513.433,9.98,0.023,0.992,L1,1400Ripples
1248288317.561,7.995,0.087,0.934,L1,1400Ripples
1251168256.505,17.444,0.02,0.98,L1,1400Ripples
1250052489.815,18.965,0.023,0.981,L1,1400Ripples
1249272378.051,9.638,0.016,0.926,L1,1400Ripples
1248962447.94,12.878,0.023,0.992,L1,1400Ripples
1251852374.756,8.599,0.012,0.932,L1,1400Ripples
1251411962.74,11.252,0.02,0.99,L1,1400Ripples
1251946272.206,8.345,0.016,0.933,L1,1400Ripples
1250525043.474,10.626,0.02,0.985,L1,1400Ripples
1251422051.698,8.661,0.012,0.979,L1,1400Ripples
1249720994.497,8.288,0.012,0.986,L1,1400Ripples
1252484363.658,10.577,0.02,0.962,L1,1400Ripples
1248966698.039,8.812,0.008,0.985,L1,1400Ripples
1249395818.398,9.399,0.159,0.991,L1,1400Ripples
1249338027.204,11.798,0.027,0.953,L1,1400Ripples
1249312053.864,7.943,0.012,0.995,L1,1400Ripples
1249974091.993,9.383,0.194,0.984,L1,1400Ripples
1249559015.659,9.582,0.049,0.947,L1,1400Ripples
1253687857.704,10.101,0.012,0.942,L1,1400Ripples
1251000551.613,7.873,0.012,0.996,L1,1400Ripples
1248847584.956,10.41,0.016,0.984,L1,1400Ripples
1253517318.785,7.938,0.024,0.967,L1,1400Ripples
1251406668.293,7.895,0.016,0.992,L1,1400Ripples
1249376698.321,10.795,0.031,0.974,L1,1400Ripples
1250044523.781,11.321,0.027,0.971,L1,1400Ripples
1249664850.759,12.654,3.75,0.994,L1,1400Ripples
1251180767.314,9.989,0.113,0.924,L1,1400Ripples
1250127242.457,10.198,0.016,0.925,L1,1400Ripples
1250367346.041,11.621,0.105,0.96,L1,1400Ripples
1253778990.564,10.405,0.02,0.991,L1,1400Ripples
1252130447.513,8.922,0.012,0.955,L1,1400Ripples
1251271375.364,10.837,0.016,0.971,L1,1400Ripples
1250287734.366,11.304,0.016,0.941,L1,1400Ripples
1251268478.239,12.377,0.074,0.943,L1,1400Ripples
1249597626.503,13.223,0.023,0.961,L1,1400Ripples
1249098366.784,8.202,0.012,0.944,L1,1400Ripples
1244552516.56,10.352,0.498,0.971,L1,1400Ripples
1250399144.525,8.38,0.012,0.967,L1,1400Ripples
1252548938.611,9.174,0.012,0.947,L1,1400Ripples
1248479021.652,14.751,0.023,0.942,L1,1400Ripples
1249172442.046,7.814,0.085,0.99,L1,1400Ripples
1251263928.068,7.973,0.016,0.928,L1,1400Ripples
1249592566.89,8.747,0.123,0.97,L1,1400Ripples
1251353836.5,18.577,0.027,0.937,L1,1400Ripples
1251917287.279,7.736,0.008,0.986,L1,1400Ripples
1249447871.66,12.597,0.023,0.947,L1,1400Ripples
1251012856.733,8.248,0.035,0.974,L1,1400Ripples
1249694948.791,10.901,0.02,0.975,L1,1400Ripples
1243349395.227,8.215,0.188,0.974,L1,Air_Compressor
1243264843.445,10.787,1.036,0.958,L1,Air_Compressor
1244980983.867,8.806,0.375,0.983,L1,Air_Compressor
1243164508.938,7.683,0.75,0.954,L1,Air_Compressor
1238265946.102,11.29,0.929,0.982,L1,Air_Compressor
1243692069.57,8.595,0.672,0.981,L1,Air_Compressor
1243614344.18,12.877,1.156,0.918,L1,Air_Compressor
1243775922.664,9.706,0.882,0.954,L1,Air_Compressor
1253888338.195,8.346,1.063,0.995,L1,Air_Compressor
1243622812.648,10.16,1.441,0.982,L1,Air_Compressor
1250106486.133,7.97,0.691,0.923,L1,Air_Compressor
1242307351.297,9.82,1.5,0.966,L1,Air_Compressor
1244388989.758,7.995,0.25,0.983,L1,Air_Compressor
1250888431.016,7.603,1.125,0.992,L1,Air_Compressor
1249359032.016,10.375,0.625,1.0,L1,Air_Compressor
1243627012.664,9.977,0.875,0.992,L1,Air_Compressor
1243713391.461,8.179,0.625,0.934,L1,Air_Compressor
1249771758.602,7.506,0.808,0.998,L1,Air_Compressor
1243691080.758,7.864,0.25,0.998,L1,Air_Compressor
1253899799.805,7.994,0.5,0.992,L1,Air_Compressor
1243770859.633,7.633,0.281,0.98,L1,Air_Compressor
1242666993.852,8.257,0.5,0.945,L1,Air_Compressor
1238332096.367,7.777,0.439,0.937,L1,Air_Compressor
1250047931.719,8.585,0.758,0.926,L1,Air_Compressor
1250205601.902,8.958,0.25,0.965,L1,Air_Compressor
1245724326.758,8.232,0.313,0.996,L1,Air_Compressor
1250193897.461,9.025,4.25,0.939,L1,Air_Compressor
1243710667.977,8.1,0.281,0.94,L1,Air_Compressor
1238339780.977,11.002,1.266,0.93,L1,Air_Compressor
1246289210.422,9.265,0.875,0.955,L1,Air_Compressor
1244202830.672,8.194,0.821,0.907,L1,Air_Compressor
1241468484.156,7.731,0.5,0.988,L1,Air_Compressor
1238337667.68,8.715,0.938,0.941,L1,Air_Compressor
1248770479.477,10.726,1.697,0.959,L1,Air_Compressor
1252428249.078,9.471,0.75,0.985,L1,Air_Compressor
1241473616.328,12.765,8.382,0.933,L1,Air_Compressor
1245633963.883,9.363,0.438,0.905,L1,Air_Compressor
1251380866.203,7.736,1.125,0.999,L1,Air_Compressor
1240769964.211,8.637,0.376,0.919,L1,Air_Compressor
1253285625.402,7.968,0.688,0.904,L1,Air_Compressor
1238718815.984,11.616,1.882,0.954,L1,Air_Compressor
1246832448.984,7.83,0.504,0.966,L1,Air_Compressor
1247872166.391,8.602,0.5,0.928,L1,Air_Compressor
1242314446.523,9.1,1.262,0.956,L1,Air_Compressor
1240775438.539,8.674,0.375,0.969,L1,Air_Compressor
1243194085.367,9.712,0.724,0.931,L1,Air_Compressor
1253579329.453,8.369,0.625,0.999,L1,Air_Compressor
1243433501.008,8.137,0.5,0.985,L1,Air_Compressor
1241460408.305,8.222,0.375,0.993,L1,Air_Compressor
1245180801.305,9.304,0.649,0.973,L1,Air_Compressor
1240720567.906,36.988,0.375,0.936,L1,Blip
1249185765.488,8.585,0.008,0.997,L1,Blip
1244615357.255,10.493,0.047,1.0,L1,Blip
1242810618.835,25.638,0.094,1.0,L1,Blip
1240984136.063,24.663,0.438,0.999,L1,Blip
1243838689.695,11.95,0.039,1.0,L1,Blip
1240324898.373,9.523,0.055,1.0,L1,Blip
1252614604.124,12.774,0.047,1.0,L1,Blip
1243121614.062,11.437,0.072,1.0,L1,Blip
1253071245.962,34.21,0.438,1.0,L1,Blip
1242194479.143,14.154,0.078,1.0,L1,Blip
1247870866.081,29.983,0.375,0.998,L1,Blip
1252790193.53,35.923,0.438,0.931,L1,Blip
1251277486.267,10.536,0.105,1.0,L1,Blip
1253280574.94,15.191,0.063,0.998,L1,Blip
1238906105.607,20.435,0.125,0.999,L1,Blip
1253549648.801,10.896,0.047,0.991,L1,Blip
1252221580.972,9.863,0.091,0.955,L1,Blip
1238275723.312,17.426,0.098,0.999,L1,Blip
1241524961.056,14.532,0.25,0.956,L1,Blip
1244012213.286,10.758,0.031,0.994,L1,Blip
1243317207.833,24.467,0.455,0.998,L1,Blip
1240218134.469,22.675,0.109,1.0,L1,Blip
1243835913.745,9.671,0.127,0.995,L1,Blip
1248664743.548,8.944,0.012,1.0,L1,Blip
1251817091.581,7.891,0.016,0.994,L1,Blip
1248263902.0,22.813,0.25,0.945,L1,Blip
1244040442.841,9.162,0.267,0.998,L1,Blip
1252323380.731,12.343,0.078,1.0,L1,Blip
1240889519.463,65.93,0.69,0.998,L1,Blip
1240995743.046,10.874,0.023,0.998,L1,Blip
1249359134.729,13.806,0.063,1.0,L1,Blip
1250102333.93,11.586,0.07,1.0,L1,Blip
1241024159.634,9.161,0.023,0.999,L1,Blip
1252125173.619,18.604,0.393,1.0,L1,Blip
1240046752.691,13.05,0.211,0.904,L1,Blip
1252758298.974,10.861,0.023,0.965,L1,Blip
1239833588.665,28.575,0.584,0.994,L1,Blip
1246073993.937,14.169,0.023,0.999,L1,Blip
1242028826.719,8.042,0.007,0.917,L1,Blip
1244534502.501,31.991,0.5,0.977,L1,Blip
1241092805.388,9.417,0.008,0.999,L1,Blip
1244235845.435,24.328,0.25,0.959,L1,Blip
1248378259.207,22.277,0.125,1.0,L1,Blip
1248483287.091,7.852,0.158,0.999,L1,Blip
1244708449.504,9.753,0.02,0.996,L1,Blip
1250184963.768,7.769,0.008,0.992,L1,Blip
1252799448.595,48.103,0.375,0.972,L1,Blip
1250022622.413,10.405,0.023,1.0,L1,Blip
1252106001.466,27.274,0.188,1.0,L1,Blip
1238848001.48,7.85,1.117,1.0,L1,Blip_Low_Frequency
1250210801.715,7.512,0.094,0.981,L1,Blip_Low_Frequency
1252366188.684,7.948,0.078,1.0,L1,Blip_Low_Frequency
1250939713.676,7.719,0.094,0.999,L1,Blip_Low_Frequency
1253422499.658,10.354,0.188,1.0,L1,Blip_Low_Frequency
1253774130.537,7.634,0.188,1.0,L1,Blip_Low_Frequency
1242244238.699,8.568,0.078,0.999,L1,Blip_Low_Frequency
1252371534.959,9.664,0.188,0.968,L1,Blip_Low_Frequency
1243680681.896,8.001,0.053,1.0,L1,Blip_Low_Frequency
1250510937.855,7.556,0.039,0.913,L1,Blip_Low_Frequency
1244520621.396,8.362,0.094,0.977,L1,Blip_Low_Frequency
1248021063.152,8.546,0.25,1.0,L1,Blip_Low_Frequency
1246693446.967,7.529,0.063,0.953,L1,Blip_Low_Frequency
1241839470.888,15.792,0.653,0.92,L1,Blip_Low_Frequency
1252252525.524,37.36,1.0,0.92,L1,Blip_Low_Frequency
1252109645.07,7.71,0.094,0.954,L1,Blip_Low_Frequency
1252576401.652,7.908,0.094,0.999,L1,Blip_Low_Frequency
1242943904.48,7.897,0.063,0.922,L1,Blip_Low_Frequency
1252986564.77,8.357,0.094,0.933,L1,Blip_Low_Frequency
1247844691.76,8.57,0.078,0.999,L1,Blip_Low_Frequency
1250753755.405,8.172,0.227,0.909,L1,Blip_Low_Frequency
1244655639.615,7.505,0.047,1.0,L1,Blip_Low_Frequency
1251294149.441,9.775,0.375,0.989,L1,Blip_Low_Frequency
1250071693.277,8.754,0.094,1.0,L1,Blip_Low_Frequency
1252336607.088,8.385,0.305,1.0,L1,Blip_Low_Frequency
1253512032.988,7.86,0.106,1.0,L1,Blip_Low_Frequency
1251548700.43,7.532,0.25,0.998,L1,Blip_Low_Frequency
1242840215.926,7.857,0.25,0.996,L1,Blip_Low_Frequency
1243523669.4,11.631,0.252,0.991,L1,Blip_Low_Frequency
1252539258.496,7.517,0.047,0.948,L1,Blip_Low_Frequency
1251706732.35,8.409,0.047,0.996,L1,Blip_Low_Frequency
1248756585.582,9.284,0.125,0.92,L1,Blip_Low_Frequency
1242347267.549,20.078,0.714,0.977,L1,Blip_Low_Frequency
1243518185.451,8.686,0.203,0.994,L1,Blip_Low_Frequency
1247998268.67,8.661,0.063,1.0,L1,Blip_Low_Frequency
1238726450.48,8.15,0.297,0.996,L1,Blip_Low_Frequency
1250670195.09,8.095,0.29,0.987,L1,Blip_Low_Frequency
1242299889.457,7.738,0.223,1.0,L1,Blip_Low_Frequency
1247828691.678,10.486,0.094,0.933,L1,Blip_Low_Frequency
1238349788.465,9.312,0.125,1.0,L1,Blip_Low_Frequency
1246494657.877,17.073,0.313,1.0,L1,Blip_Low_Frequency
1252050709.592,7.809,0.094,1.0,L1,Blip_Low_Frequency
1248325831.189,11.214,0.473,0.989,L1,Blip_Low_Frequency
1240565746.941,10.536,0.188,0.996,L1,Blip_Low_Frequency
1245818763.332,8.726,0.18,0.987,L1,Blip_Low_Frequency
1246567405.168,7.975,0.125,0.963,L1,Blip_Low_Frequency
1250238670.176,8.883,0.533,1.0,L1,Blip_Low_Frequency
1248377882.061,7.96,1.394,0.968,L1,Blip_Low_Frequency
1250326119.859,9.123,1.402,0.973,L1,Blip_Low_Frequency
1247945727.801,9.056,0.188,1.0,L1,Blip_Low_Frequency
1242459857.447,13.433,0.25,0.984,L1,Chirp
1252150105.311,9.365,0.485,0.934,L1,Chirp
1245111696.184,8.528,0.303,0.975,L1,Chirp
1242749142.228,9.514,0.25,0.938,L1,Chirp
1239082262.145,7.593,0.5,0.969,L1,Chirp
1245955943.169,8.46,0.125,1.0,L1,Chirp
1247964454.691,1890.969,3.25,1.0,L1,Extremely_Loud
1252049832.027,316.744,3.25,0.997,L1,Extremely_Loud
1242080274.166,4076.381,6.625,0.999,L1,Extremely_Loud
1248410793.382,838.914,3.0,0.989,L1,Extremely_Loud
1243928495.863,689.746,4.84,1.0,L1,Extremely_Loud
1249962394.363,453.379,3.5,0.989,L1,Extremely_Loud
1253844044.434,1726.394,4.5,1.0,L1,Extremely_Loud
1241871242.629,292.283,2.75,0.992,L1,Extremely_Loud
1250112467.332,680.48,4.006,0.981,L1,Extremely_Loud
1245366472.277,712.293,4.669,0.999,L1,Extremely_Loud
1238403175.73,1630.083,6.848,0.937,L1,Extremely_Loud
1240635176.926,1459.865,4.0,0.999,L1,Extremely_Loud
1244499486.26,319.496,3.958,1.0,L1,Extremely_Loud
1244732346.768,3388.632,6.375,0.994,L1,Extremely_Loud
1243126850.527,1826.386,3.011,1.0,L1,Extremely_Loud
1243263133.031,859.337,4.5,1.0,L1,Extremely_Loud
1243475328.722,244.355,3.25,0.999,L1,Extremely_Loud
1242344238.684,487.096,3.75,0.999,L1,Extremely_Loud
1250413192.285,4326.119,10.0,1.0,L1,Extremely_Loud
1243765317.941,1835.898,2.75,0.995,L1,Extremely_Loud
1240959851.133,507.709,5.0,0.988,L1,Extremely_Loud
1243235093.61,927.357,3.0,0.97,L1,Extremely_Loud
1240652776.941,10054.199,15.5,1.0,L1,Extremely_Loud
1239904821.605,2027.997,8.0,1.0,L1,Extremely_Loud
1240990907.66,264.395,3.85,0.995,L1,Extremely_Loud
1248393234.494,664.051,3.75,1.0,L1,Extremely_Loud
1240291053.448,1554.337,3.5,1.0,L1,Extremely_Loud
1240132745.395,366.058,3.5,0.992,L1,Extremely_Loud
1241014337.331,673.794,5.5,1.0,L1,Extremely_Loud
1240896043.083,673.999,3.75,0.999,L1,Extremely_Loud
1242797722.574,977.911,5.579,1.0,L1,Extremely_Loud
1253437205.434,412.466,3.5,1.0,L1,Extremely_Loud
1253567358.441,2186.799,7.188,0.993,L1,Extremely_Loud
1242804345.637,1390.017,5.092,0.998,L1,Extremely_Loud
1243636033.535,703.963,4.5,0.999,L1,Extremely_Loud
1247804794.363,650.924,4.5,1.0,L1,Extremely_Loud
1248019734.434,6618.271,7.75,1.0,L1,Extremely_Loud
1244556439.066,782.675,5.0,1.0,L1,Extremely_Loud
1253053297.938,277.438,3.25,0.999,L1,Extremely_Loud
1252644460.512,840.334,4.263,1.0,L1,Extremely_Loud
1247841550.082,814.697,4.25,0.999,L1,Extremely_Loud
1241147876.316,604.854,5.427,0.999,L1,Extremely_Loud
1239102234.239,224.729,3.0,0.998,L1,Extremely_Loud
1246203196.176,376.958,5.25,0.998,L1,Extremely_Loud
1243572866.66,4809.053,7.0,1.0,L1,Extremely_Loud
1243237086.478,150.539,3.0,0.998,L1,Extremely_Loud
1238464075.473,702.213,7.175,1.0,L1,Extremely_Loud
1253070195.285,1199.821,5.505,1.0,L1,Extremely_Loud
1248311271.525,862.655,2.513,0.986,L1,Extremely_Loud
1248477783.269,2936.296,4.5,1.0,L1,Extremely_Loud
1239208547.273,8.033,0.25,0.987,L1,Fast_Scattering
1250439971.914,11.368,1.391,1.0,L1,Fast_Scattering
1253625552.664,7.585,0.943,1.0,L1,Fast_Scattering
1241116034.711,8.172,1.052,1.0,L1,Fast_Scattering
1239025367.672,7.776,0.934,0.964,L1,Fast_Scattering
1249052833.727,15.257,5.313,1.0,L1,Fast_Scattering
1243350994.125,8.573,1.25,0.995,L1,Fast_Scattering
1240920026.211,7.667,1.344,0.999,L1,Fast_Scattering
1243263808.703,10.513,1.125,1.0,L1,Fast_Scattering
1243618266.602,8.186,0.337,0.993,L1,Fast_Scattering
1243449265.68,8.405,1.078,1.0,L1,Fast_Scattering
1253031977.172,9.557,1.063,1.0,L1,Fast_Scattering
1251148456.602,7.699,0.565,0.981,L1,Fast_Scattering
1238176841.43,9.46,1.25,1.0,L1,Fast_Scattering
1248026875.148,8.845,0.75,0.998,L1,Fast_Scattering
1240762956.703,9.25,2.085,1.0,L1,Fast_Scattering
1252939949.047,8.491,0.375,0.974,L1,Fast_Scattering
1243623873.898,12.444,1.159,1.0,L1,Fast_Scattering
1252956618.602,8.063,1.12,1.0,L1,Fast_Scattering
1243598478.125,10.719,1.25,1.0,L1,Fast_Scattering
1239984231.141,10.599,1.212,1.0,L1,Fast_Scattering
1243429169.414,7.524,0.75,1.0,L1,Fast_Scattering
1238341729.016,10.608,1.56,1.0,L1,Fast_Scattering
1243535397.711,9.453,0.499,0.998,L1,Fast_Scattering
1239631040.047,8.625,1.312,1.0,L1,Fast_Scattering
1249660502.836,7.809,0.375,0.919,L1,Fast_Scattering
1238458887.203,9.547,1.314,0.988,L1,Fast_Scattering
1243620636.359,9.605,1.0,1.0,L1,Fast_Scattering
1252565102.164,7.811,0.438,0.986,L1,Fast_Scattering
1243633826.609,11.431,1.125,1.0,L1,Fast_Scattering
1243714659.391,9.008,0.688,1.0,L1,Fast_Scattering
1250450422.422,9.866,0.688,0.996,L1,Fast_Scattering
1250106472.563,10.28,6.18,0.999,L1,Fast_Scattering
1239440549.32,9.541,2.0,1.0,L1,Fast_Scattering
1242315551.984,13.198,7.611,0.956,L1,Fast_Scattering
1238344331.328,9.941,1.892,1.0,L1,Fast_Scattering
1238166072.008,7.623,0.75,0.999,L1,Fast_Scattering
1252788323.68,8.144,0.5,0.956,L1,Fast_Scattering
1249763829.68,8.541,0.5,1.0,L1,Fast_Scattering
1249735996.039,8.499,1.063,0.944,L1,Fast_Scattering
1238357919.258,7.706,0.344,0.931,L1,Fast_Scattering
1238338197.578,12.301,2.091,1.0,L1,Fast_Scattering
1243612952.602,8.029,0.438,1.0,L1,Fast_Scattering
1253361414.703,7.653,0.688,1.0,L1,Fast_Scattering
1238166470.641,9.566,1.75,1.0,L1,Fast_Scattering
1242579228.484,8.837,0.807,0.944,L1,Fast_Scattering
1253294739.938,9.027,1.108,1.0,L1,Fast_Scattering
1238996870.992,8.127,0.875,1.0,L1,Fast_Scattering
1238344481.539,7.642,0.73,0.996,L1,Fast_Scattering
1250366275.961,9.453,1.75,1.0,L1,Fast_Scattering
1250389799.414,25.338,2.75,0.914,L1,Helix
1250379693.18,20.792,2.25,0.955,L1,Helix
1250379684.867,19.779,3.75,0.99,L1,Helix
1244815039.824,44.508,2.5,0.945,L1,Helix
1242096546.754,17.416,1.375,0.916,L1,Helix
1242260991.762,7.752,0.164,0.91,L1,Helix
1238736003.863,125.4,4.075,0.941,L1,Helix
1250465071.427,14.694,2.5,0.933,L1,Helix
1252098278.504,50.34,2.77,0.93,L1,Helix
1250380326.648,22.715,3.438,0.996,L1,Helix
1242096547.746,7.658,0.25,0.952,L1,Helix
1242097258.867,9.642,1.141,0.913,L1,Helix
1248037911.051,33.852,2.658,0.916,L1,Helix
1244475219.598,56.094,2.75,0.968,L1,Helix
1241874647.92,47.36,2.637,0.934,L1,Helix
1249404222.125,11.604,1.001,0.948,L1,Helix
1240635178.125,45.042,1.25,0.976,L1,Helix
1252143222.105,119.903,3.0,0.973,L1,Helix
1250450801.789,23.662,6.5,0.956,L1,Helix
1248397352.207,31.34,2.567,0.934,L1,Helix
1250380418.316,22.026,11.25,0.993,L1,Helix
1253013825.363,17.219,0.656,0.983,L1,Koi_Fish
1241658733.149,59.679,1.466,0.981,L1,Koi_Fish
1241154265.316,1273.468,2.207,0.948,L1,Koi_Fish
1242775594.736,255.291,2.563,0.996,L1,Koi_Fish
1238371233.71,62.086,1.049,0.967,L1,Koi_Fish
1250869106.292,25.54,1.5,0.95,L1,Koi_Fish
1242523330.875,213.357,1.25,0.998,L1,Koi_Fish
1248959548.931,32.913,1.5,0.963,L1,Koi_Fish
1245214612.535,149.7,3.188,0.912,L1,Koi_Fish
1243412419.585,242.091,1.25,1.0,L1,Koi_Fish
1246632840.004,1608.739,4.764,0.989,L1,Koi_Fish
1245721074.954,430.642,2.5,0.961,L1,Koi_Fish
1245816414.274,182.967,1.5,1.0,L1,Koi_Fish
1242539129.15,221.752,1.949,1.0,L1,Koi_Fish
1243014364.883,335.609,1.75,0.997,L1,Koi_Fish
1248746531.559,76.08,2.0,0.994,L1,Koi_Fish
1244883036.043,117.926,2.75,1.0,L1,Koi_Fish
1239675911.535,56.777,2.762,0.994,L1,Koi_Fish
1240318497.992,457.586,6.0,0.993,L1,Koi_Fish
1253663225.905,21.66,1.846,0.942,L1,Koi_Fish
1243855424.218,497.501,3.78,1.0,L1,Koi_Fish
1253756662.629,81.456,1.75,0.943,L1,Koi_Fish
1249905062.729,205.99,1.558,1.0,L1,Koi_Fish
1242299944.472,60.825,1.0,0.986,L1,Koi_Fish
1247620476.238,263.159,1.5,1.0,L1,Koi_Fish
1247552921.338,64.39,1.453,0.996,L1,Koi_Fish
1242706861.213,132.037,2.0,1.0,L1,Koi_Fish
1250307157.996,32.859,0.5,1.0,L1,Koi_Fish
1251608606.256,425.103,2.401,0.998,L1,Koi_Fish
1247766717.341,177.78,1.276,1.0,L1,Koi_Fish
1250074014.852,235.522,1.75,1.0,L1,Koi_Fish
1248866054.76,283.221,3.0,0.992,L1,Koi_Fish
1246005599.55,492.719,2.286,0.973,L1,Koi_Fish
1252679006.659,54.588,1.625,0.926,L1,Koi_Fish
1252710882.507,303.105,1.51,0.998,L1,Koi_Fish
1242072374.009,292.248,1.768,0.998,L1,Koi_Fish
1251209321.152,86.342,3.0,0.954,L1,Koi_Fish
1250619690.492,22.835,3.0,0.96,L1,Koi_Fish
1240904142.733,27.838,1.704,0.974,L1,Koi_Fish
1238780652.958,416.876,2.063,0.998,L1,Koi_Fish
1249457621.793,20.792,1.75,0.955,L1,Koi_Fish
1246004387.433,103.163,1.125,0.996,L1,Koi_Fish
1240771409.84,17.861,1.125,0.909,L1,Koi_Fish
1238910635.613,142.149,2.5,0.998,L1,Koi_Fish
1243729542.022,579.139,2.25,1.0,L1,Koi_Fish
1240815367.27,216.947,1.5,0.999,L1,Koi_Fish
1245031035.59,76.094,2.295,0.985,L1,Koi_Fish
1250302238.934,24.634,0.827,0.959,L1,Koi_Fish
1252707894.012,140.199,2.5,0.999,L1,Koi_Fish
1251999056.877,466.086,2.75,0.994,L1,Koi_Fish
1251830193.938,53.949,1.0,0.986,L1,Light_Modulation
1241517681.203,108.889,3.407,0.958,L1,Light_Modulation
1249047123.456,144.475,3.5,0.966,L1,Light_Modulation
1251538583.074,36.098,2.0,0.911,L1,Light_Modulation
1252470583.547,15.726,1.5,0.904,L1,Light_Modulation
1251233368.383,27.219,1.75,0.991,L1,Light_Modulation
1238317573.078,10.925,3.25,0.918,L1,Light_Modulation
1248479194.816,61.46,2.088,0.986,L1,Light_Modulation
1250284830.641,19.076,3.25,0.965,L1,Light_Modulation
1241263617.594,151.311,3.25,0.999,L1,Light_Modulation
1247989622.551,32.622,1.75,0.909,L1,Light_Modulation
1248089324.102,169.013,3.157,0.947,L1,Light_Modulation
1251228488.426,26.453,2.297,0.949,L1,Light_Modulation
1245033555.125,13.741,3.02,0.944,L1,Light_Modulation
1251507443.48,33.682,1.75,0.916,L1,Light_Modulation
1251270614.234,12.941,1.138,0.938,L1,Light_Modulation
1240645316.273,49.734,2.25,0.995,L1,Light_Modulation
1253945601.465,320.492,4.0,0.944,L1,Light_Modulation
1240406258.641,90.861,2.935,0.995,L1,Light_Modulation
1239688185.938,124.546,6.04,0.949,L1,Light_Modulation
1238590754.477,207.816,3.0,0.987,L1,Light_Modulation
1251438581.445,31.147,1.831,0.905,L1,Light_Modulation
1241467957.594,15.738,4.125,0.935,L1,Light_Modulation
1248160431.324,105.278,2.5,0.975,L1,Light_Modulation
1240754753.498,222.777,3.281,0.906,L1,Light_Modulation
1242655320.75,17.843,10.0,0.997,L1,Light_Modulation
1251231776.16,26.916,2.0,0.971,L1,Light_Modulation
1253079935.133,235.776,3.516,0.99,L1,Light_Modulation
1252423150.996,315.375,4.022,0.968,L1,Light_Modulation
1243030181.367,118.078,3.25,0.998,L1,Light_Modulation
1238412461.461,472.324,8.23,0.985,L1,Light_Modulation
1245770581.426,464.489,4.0,0.916,L1,Light_Modulation
1241336042.031,51.969,1.412,0.903,L1,Light_Modulation
1238380494.441,177.425,3.258,0.962,L1,Light_Modulation
1251551842.531,8.728,1.5,0.927,L1,Light_Modulation
1251021780.695,33.244,2.0,0.951,L1,Light_Modulation
1245308244.086,74.258,2.5,0.92,L1,Light_Modulation
1245727407.723,80.18,2.271,0.92,L1,Light_Modulation
1252252500.559,294.15,3.75,0.978,L1,Light_Modulation
1242166002.883,65.982,2.25,0.994,L1,Light_Modulation
1248108622.676,85.868,3.079,0.916,L1,Light_Modulation
1244265035.867,189.481,3.5,0.997,L1,Light_Modulation
1251231739.723,36.994,2.0,0.908,L1,Light_Modulation
1251072917.746,294.978,4.0,0.966,L1,Light_Modulation
1244260318.582,486.055,4.25,0.999,L1,Light_Modulation
1246875713.785,457.205,4.5,0.98,L1,Light_Modulation
1238468159.668,109.273,2.75,0.968,L1,Light_Modulation
1238828525.832,79.197,2.25,0.997,L1,Light_Modulation
1241721274.293,129.607,3.134,0.984,L1,Light_Modulation
1250832127.608,65.208,3.0,0.996,L1,Light_Modulation
1245594706.406,7.521,0.666,1.0,L1,Low_Frequency_Burst
1239490475.906,7.818,1.0,1.0,L1,Low_Frequency_Burst
1241449866.625,10.796,6.844,0.965,L1,Low_Frequency_Burst
1244653869.594,9.301,1.652,1.0,L1,Low_Frequency_Burst
1252958344.625,8.247,4.375,0.962,L1,Low_Frequency_Burst
1252670845.188,7.932,3.5,0.969,L1,Low_Frequency_Burst
1250369368.781,9.829,3.5,0.933,L1,Low_Frequency_Burst
1249301751.281,10.562,7.25,0.981,L1,Low_Frequency_Burst
1248709522.031,17.803,3.0,0.993,L1,Low_Frequency_Burst
1243545078.969,11.174,3.094,0.997,L1,Low_Frequency_Burst
1249389981.156,8.741,1.25,0.988,L1,Low_Frequency_Burst
1250107648.219,8.134,2.0,1.0,L1,Low_Frequency_Burst
1251552827.406,8.956,5.0,0.999,L1,Low_Frequency_Burst
1245535833.313,9.378,3.516,0.978,L1,Low_Frequency_Burst
1251051342.313,12.36,9.0,0.919,L1,Low_Frequency_Burst
1247681070.938,37.326,5.0,0.967,L1,Low_Frequency_Burst
1253969924.953,7.552,1.507,1.0,L1,Low_Frequency_Burst
1243115419.813,12.418,4.198,0.987,L1,Low_Frequency_Burst
1249324613.031,13.15,6.0,0.999,L1,Low_Frequency_Burst
1249420982.047,8.424,2.551,0.96,L1,Low_Frequency_Burst
1242191004.906,12.081,6.576,0.96,L1,Low_Frequency_Burst
1253459999.094,16.991,3.0,1.0,L1,Low_Frequency_Burst
1251654773.844,12.827,7.0,1.0,L1,Low_Frequency_Burst
1239691401.781,7.676,0.875,0.994,L1,Low_Frequency_Burst
1241014890.156,10.421,3.0,0.989,L1,Low_Frequency_Burst
1241451481.156,7.801,1.095,0.997,L1,Low_Frequency_Burst
1247945934.906,8.041,2.462,0.962,L1,Low_Frequency_Burst
1249315269.438,9.162,2.0,0.934,L1,Low_Frequency_Burst
1252681181.594,9.046,3.753,0.992,L1,Low_Frequency_Burst
1242237456.719,23.147,9.721,0.998,L1,Low_Frequency_Burst
1249605198.875,936.925,6.5,0.998,L1,Low_Frequency_Burst
1238243810.719,10.027,0.84,0.973,L1,Low_Frequency_Burst
1239541161.813,7.682,2.086,0.926,L1,Low_Frequency_Burst
1252857028.938,8.532,2.516,0.94,L1,Low_Frequency_Burst
1241454268.289,11.766,2.75,1.0,L1,Low_Frequency_Burst
1241781301.031,19.542,3.0,1.0,L1,Low_Frequency_Burst
1244235773.156,18.378,2.5,0.946,L1,Low_Frequency_Burst
1252089243.188,11.144,3.0,0.968,L1,Low_Frequency_Burst
1242567289.469,10.557,7.601,0.996,L1,Low_Frequency_Burst
1253470834.781,7.574,2.25,0.96,L1,Low_Frequency_Burst
1242579938.344,19.088,3.5,1.0,L1,Low_Frequency_Burst
1249240588.156,8.107,3.404,1.0,L1,Low_Frequency_Burst
1253668302.813,88.004,6.0,0.985,L1,Low_Frequency_Burst
1249051370.406,12.661,3.142,1.0,L1,Low_Frequency_Burst
1249407026.938,27.879,5.0,0.996,L1,Low_Frequency_Burst
1253294865.656,11.764,3.0,0.962,L1,Low_Frequency_Burst
1239628241.969,9.982,2.905,1.0,L1,Low_Frequency_Burst
1242987685.469,8.443,3.5,0.92,L1,Low_Frequency_Burst
1243296767.719,7.905,1.539,0.998,L1,Low_Frequency_Burst
1241896077.438,11.624,4.196,0.904,L1,Low_Frequency_Burst
1253019179.875,11.688,4.0,0.984,L1,Low_Frequency_Lines
1252245287.625,10.077,5.0,0.913,L1,Low_Frequency_Lines
1253827727.125,11.736,2.25,0.936,L1,Low_Frequency_Lines
1239158232.625,11.352,2.19,0.979,L1,Low_Frequency_Lines
1249997303.938,8.294,1.25,0.921,L1,Low_Frequency_Lines
1245340925.625,7.811,1.5,0.996,L1,Low_Frequency_Lines
1251493673.25,43.112,13.5,0.956,L1,Low_Frequency_Lines
1239636786.375,9.922,2.643,0.954,L1,Low_Frequency_Lines
1250865420.438,7.855,6.25,0.943,L1,Low_Frequency_Lines
1252082154.25,7.871,3.0,0.973,L1,Low_Frequency_Lines
1242310037.063,8.528,1.5,0.964,L1,Low_Frequency_Lines
1251753011.438,11.74,4.5,0.963,L1,Low_Frequency_Lines
1252084772.281,8.292,1.25,0.912,L1,Low_Frequency_Lines
1238336721.375,25.696,5.406,0.942,L1,Low_Frequency_Lines
1245043483.375,9.493,1.5,0.97,L1,Low_Frequency_Lines
1244820473.25,9.061,5.0,0.964,L1,Low_Frequency_Lines
1239164607.875,11.554,2.25,0.944,L1,Low_Frequency_Lines
1241805247.688,8.576,1.851,0.967,L1,Low_Frequency_Lines
1239202560.875,23.803,3.5,0.942,L1,Low_Frequency_Lines
1238514708.375,9.146,1.5,0.925,L1,Low_Frequency_Lines
1252235607.875,8.259,1.25,0.994,L1,Low_Frequency_Lines
1243109207.25,20.953,16.5,0.91,L1,Low_Frequency_Lines
1246669987.125,8.784,1.5,0.971,L1,Low_Frequency_Lines
1248367987.625,9.969,4.0,0.941,L1,Low_Frequency_Lines
1251211424.75,8.62,4.5,0.989,L1,Low_Frequency_Lines
1253466978.25,10.999,4.564,0.993,L1,Low_Frequency_Lines
1252520869.875,11.166,17.009,0.913,L1,Low_Frequency_Lines
1246664007.625,10.335,1.75,0.994,L1,Low_Frequency_Lines
1245025859.688,8.789,2.763,0.919,L1,Low_Frequency_Lines
1245050560.188,8.283,1.0,0.991,L1,Low_Frequency_Lines
1248099728.875,7.555,1.5,0.994,L1,Low_Frequency_Lines
1239220676.875,7.959,1.25,0.99,L1,Low_Frequency_Lines
1253560881.563,7.601,2.25,0.915,L1,Low_Frequency_Lines
1252679458.125,15.452,2.5,0.994,L1,Low_Frequency_Lines
1252520897.875,7.625,2.25,0.958,L1,Low_Frequency_Lines
1245768193.25,9.497,5.25,0.949,L1,Low_Frequency_Lines
1242356506.172,10.004,0.281,0.908,L1,Low_Frequency_Lines
1242316302.656,7.513,1.5,0.963,L1,Low_Frequency_Lines
1247767741.688,8.629,1.5,0.94,L1,Low_Frequency_Lines
1244578524.813,7.625,5.5,0.961,L1,Low_Frequency_Lines
1246889063.75,8.16,3.0,0.98,L1,Low_Frequency_Lines
1239614841.938,10.437,2.251,0.914,L1,Low_Frequency_Lines
1239218860.625,20.081,3.097,0.952,L1,Low_Frequency_Lines
1250878530.75,8.442,5.5,0.93,L1,Low_Frequency_Lines
1242637616.875,8.6,1.5,0.91,L1,Low_Frequency_Lines
1246669453.281,7.566,0.771,0.964,L1,Low_Frequency_Lines
1240848030.25,10.328,5.5,0.957,L1,Low_Frequency_Lines
1238501258.813,7.724,1.25,0.909,L1,Low_Frequency_Lines
1253298757.625,16.357,3.0,0.97,L1,Low_Frequency_Lines
1243448990.688,7.539,1.269,0.966,L1,Low_Frequency_Lines
1249024915.401,8.23,0.01,0.943,L1,No_Glitch
1248474178.915,8.745,0.012,0.906,L1,No_Glitch
1244821398.598,7.782,0.019,0.916,L1,No_Glitch
1242148953.828,9.795,0.281,0.993,L1,No_Glitch
1251417703.752,7.746,0.005,0.935,L1,No_Glitch
1244156845.891,7.801,0.281,0.976,L1,No_Glitch
1250660067.467,8.744,0.01,0.963,L1,No_Glitch
1252082204.923,11.124,0.012,0.946,L1,No_Glitch
1249072403.312,7.522,0.008,0.991,L1,No_Glitch
1242582665.828,7.864,0.321,0.968,L1,No_Glitch
1250211248.927,7.945,0.01,0.932,L1,No_Glitch
1248755971.781,8.011,0.205,0.984,L1,No_Glitch
1249338941.208,7.946,0.01,0.974,L1,No_Glitch
1250453517.813,7.83,0.75,0.922,L1,No_Glitch
1241425205.859,11.313,0.54,0.97,L1,No_Glitch
1252798183.553,8.795,0.004,0.981,L1,No_Glitch
1252746145.3,7.632,0.004,0.952,L1,No_Glitch
1241230501.797,10.3,0.344,0.994,L1,No_Glitch
1251923221.081,14.521,0.016,0.916,L1,No_Glitch
1242636278.234,9.066,0.281,0.94,L1,No_Glitch
1250292027.437,8.254,0.008,0.949,L1,No_Glitch
1242708742.055,7.74,0.25,0.985,L1,No_Glitch
1246453642.999,7766.558,7.216,0.975,L1,No_Glitch
1242463998.203,7.635,0.094,0.998,L1,No_Glitch
1249241159.674,11.057,0.012,0.991,L1,No_Glitch
1243968871.1,13.108,0.079,0.964,L1,No_Glitch
1243108934.203,7.663,0.281,0.985,L1,No_Glitch
1248062245.567,8.068,0.004,0.926,L1,No_Glitch
1252641565.011,10.625,0.016,0.976,L1,No_Glitch
1251264952.361,9.003,0.008,0.967,L1,No_Glitch
1244086459.749,8.84,0.004,0.912,L1,No_Glitch
1246932219.938,49.993,2.25,0.993,L1,No_Glitch
1241231033.766,8.901,0.469,0.995,L1,No_Glitch
1253731052.875,7.521,0.085,0.969,L1,No_Glitch
1249587773.948,8.673,0.006,0.968,L1,No_Glitch
1242515145.797,11.623,0.281,0.942,L1,No_Glitch
1243987288.039,7.842,0.13,0.969,L1,No_Glitch
1244062021.828,7.845,0.499,0.936,L1,No_Glitch
1249316656.019,9.421,0.034,0.997,L1,No_Glitch
1240829493.797,8.062,0.409,0.94,L1,No_Glitch
1248363115.582,8.7,0.008,0.95,L1,No_Glitch
1252424572.269,8.379,0.063,0.936,L1,No_Glitch
1253028676.679,9.504,0.006,0.986,L1,No_Glitch
1246313533.999,1905.799,2.25,0.997,L1,No_Glitch
1242916571.953,13.492,13.813,0.982,L1,No_Glitch
1248325684.406,8.404,1.25,0.977,L1,No_Glitch
1245487411.326,8.048,0.383,0.902,L1,No_Glitch
1244248617.828,9.816,0.341,0.974,L1,No_Glitch
1247792513.452,8.358,0.008,0.988,L1,No_Glitch
1249449573.101,8.329,0.008,0.971,L1,No_Glitch
1245345532.383,8.885,1.125,0.942,L1,Paired_Doves
1245595483.898,66.404,2.25,0.992,L1,Paired_Doves
1250395386.734,12.353,1.25,0.909,L1,Paired_Doves
1244194108.852,25.087,9.14,0.949,L1,Paired_Doves
1247882751.332,39.194,1.773,0.93,L1,Paired_Doves
1241479348.852,13.554,1.25,0.922,L1,Paired_Doves
1240392777.934,45.081,3.387,0.959,L1,Paired_Doves
1242580104.906,9.642,3.583,0.913,L1,Paired_Doves
1250340603.734,9.177,0.313,0.934,L1,Paired_Doves
1249013569.488,8.998,0.375,0.917,L1,Paired_Doves
1250381137.602,9.234,0.188,0.902,L1,Paired_Doves
1245292471.977,25.344,2.25,0.964,L1,Paired_Doves
1252936756.418,9.226,0.375,0.979,L1,Paired_Doves
1243558476.297,9.005,0.5,0.945,L1,Paired_Doves
1243434706.328,11.612,0.891,0.945,L1,Paired_Doves
1240138863.867,7.736,0.25,0.993,L1,Paired_Doves
1242652864.398,8.954,0.375,0.905,L1,Paired_Doves
1250447839.422,13.174,1.0,0.948,L1,Paired_Doves
1247727737.098,7.964,0.343,0.909,L1,Paired_Doves
1250239873.748,7.677,0.375,0.95,L1,Paired_Doves
1249073365.238,58.515,2.639,0.964,L1,Paired_Doves
1250238126.391,18.742,0.875,0.998,L1,Paired_Doves
1241607325.32,10.267,1.0,0.971,L1,Paired_Doves
1239734024.547,7.798,1.0,0.904,L1,Paired_Doves
1238718822.578,16.359,4.25,0.912,L1,Paired_Doves
1248985663.074,9.934,0.9,0.974,L1,Paired_Doves
1251692223.184,11.222,3.0,0.904,L1,Paired_Doves
1248782440.828,7.761,0.674,0.982,L1,Paired_Doves
1248875523.176,36.638,1.625,0.983,L1,Paired_Doves
1252357927.148,26.036,2.0,0.908,L1,Paired_Doves
1250324996.641,10.491,1.25,0.968,L1,Paired_Doves
1240364524.93,63.471,2.25,0.927,L1,Paired_Doves
1245593290.832,27.311,1.25,0.995,L1,Paired_Doves
1249015314.523,20.845,1.25,0.95,L1,Paired_Doves
1250664750.016,8.355,0.5,0.975,L1,Paired_Doves
1250320555.516,10.523,0.719,0.915,L1,Paired_Doves
1246691257.922,8.981,0.625,0.94,L1,Paired_Doves
1242655181.953,8.145,0.386,0.912,L1,Paired_Doves
1239676899.676,16.905,1.318,0.927,L1,Paired_Doves
1250206625.383,13.781,2.5,0.915,L1,Paired_Doves
1248993689.078,7.634,0.5,0.942,L1,Paired_Doves
1244377214.203,9.904,0.858,0.982,L1,Paired_Doves
1241454496.242,11.324,0.724,0.904,L1,Paired_Doves
1247735692.652,79.246,3.5,0.999,L1,Paired_Doves
1252732254.016,10.04,0.255,0.924,L1,Paired_Doves
1251807404.664,16.008,2.044,0.985,L1,Paired_Doves
1242518794.93,33.198,1.75,0.994,L1,Paired_Doves
1242288036.352,14.022,1.422,0.921,L1,Paired_Doves
1250204541.469,11.645,1.25,0.927,L1,Paired_Doves
1250450896.199,16.738,1.25,0.914,L1,Paired_Doves
1240135626.641,12.905,0.5,1.0,L1,Power_Line
1239856392.234,11.777,0.572,1.0,L1,Power_Line
1239950230.359,13.778,0.75,1.0,L1,Power_Line
1240083907.703,11.134,0.5,0.999,L1,Power_Line
1240033808.672,9.089,0.438,0.943,L1,Power_Line
1239885131.664,12.517,0.438,1.0,L1,Power_Line
1239836352.609,13.624,0.5,1.0,L1,Power_Line
1240113427.055,10.328,0.5,0.999,L1,Power_Line
1239876191.82,10.026,0.5,0.996,L1,Power_Line
1240239424.578,11.132,0.625,1.0,L1,Power_Line
1239851712.328,10.969,0.375,0.986,L1,Power_Line
1239944950.453,13.651,0.5,0.999,L1,Power_Line
1240148106.359,8.538,0.625,0.987,L1,Power_Line
1240193225.516,11.775,0.5,1.0,L1,Power_Line
1243630167.859,11.548,0.75,0.994,L1,Power_Line
1240128786.766,12.512,0.688,1.0,L1,Power_Line
1239866592.016,8.319,0.375,0.985,L1,Power_Line
1240197665.359,11.748,0.5,1.0,L1,Power_Line
1240044308.453,9.873,0.669,1.0,L1,Power_Line
1240232824.672,8.355,0.339,0.965,L1,Power_Line
1240186145.641,10.555,0.5,1.0,L1,Power_Line
1239989409.57,11.635,0.707,0.995,L1,Power_Line
1252115824.313,8.434,0.5,1.0,L1,Power_Line
1240240744.547,7.882,0.375,0.956,L1,Power_Line
1240084027.672,10.646,0.392,0.999,L1,Power_Line
1239894071.516,9.577,0.715,1.0,L1,Power_Line
1240234264.734,8.175,0.338,1.0,L1,Power_Line
1240121586.922,9.734,0.5,0.994,L1,Power_Line
1240183745.703,12.732,0.5,0.997,L1,Power_Line
1239839352.547,12.467,0.563,1.0,L1,Power_Line
1239974529.891,9.057,0.25,1.0,L1,Power_Line
1240036028.641,12.492,0.5,1.0,L1,Power_Line
1239944710.441,10.202,0.813,0.932,L1,Power_Line
1239855912.234,12.077,2.618,0.997,L1,Power_Line
1240183265.672,7.895,0.39,0.934,L1,Power_Line
1239879311.797,9.1,1.72,0.998,L1,Power_Line
1240128426.797,10.283,0.5,0.996,L1,Power_Line
1240185545.609,9.685,0.824,1.0,L1,Power_Line
1240158786.219,7.938,0.709,0.959,L1,Power_Line
1239836832.641,11.337,0.5,1.0,L1,Power_Line
1239894551.484,12.894,0.5,1.0,L1,Power_Line
1239896351.422,12.101,0.5,0.999,L1,Power_Line
1240234504.672,9.87,0.5,1.0,L1,Power_Line
1239835272.641,10.89,0.378,0.997,L1,Power_Line
1240118346.984,13.133,0.75,1.0,L1,Power_Line
1240109587.141,13.506,0.716,1.0,L1,Power_Line
1239947470.422,9.554,0.439,0.996,L1,Power_Line
1239542530.617,8.525,0.375,0.985,L1,Power_Line
1240224304.859,9.351,0.583,0.998,L1,Power_Line
1239940510.547,14.126,0.563,1.0,L1,Power_Line
1248241890.387,39.796,1.063,0.968,L1,Repeating_Blips
1241638502.17,20.947,1.319,0.991,L1,Repeating_Blips
1252067755.181,115.639,2.5,0.998,L1,Repeating_Blips
1244159606.347,10.713,0.109,0.999,L1,Repeating_Blips
1239683471.829,33.661,1.799,0.904,L1,Repeating_Blips
1246478966.571,32.002,0.5,0.989,L1,Repeating_Blips
1251205497.354,12.526,1.0,0.916,L1,Repeating_Blips
1238270636.55,26.652,0.589,0.989,L1,Repeating_Blips
1240109300.805,17.346,1.25,0.938,L1,Repeating_Blips
1242097266.934,8.604,0.055,0.908,L1,Repeating_Blips
1251238385.43,207.32,1.0,0.992,L1,Repeating_Blips
1247868601.0,38.504,0.578,0.916,L1,Repeating_Blips
1246107817.853,14.663,0.063,0.922,L1,Repeating_Blips
1241297375.756,21.097,0.797,0.993,L1,Repeating_Blips
1240504309.441,8.64,0.309,1.0,L1,Repeating_Blips
1252213275.982,53.302,1.5,1.0,L1,Repeating_Blips
1238198805.24,9.58,0.094,0.944,L1,Repeating_Blips
1242671180.156,44.576,0.5,0.919,L1,Repeating_Blips
1242389320.028,7.532,0.007,0.989,L1,Repeating_Blips
1240982232.669,25.407,1.29,0.901,L1,Repeating_Blips
1247582144.935,15.356,1.295,0.959,L1,Repeating_Blips
1248847025.149,31.003,1.5,0.927,L1,Repeating_Blips
1245877460.757,12.463,0.704,0.959,L1,Repeating_Blips
1243526672.01,9.235,0.026,1.0,L1,Repeating_Blips
1246107818.268,11.585,0.379,1.0,L1,Repeating_Blips
1250046412.784,14.53,0.438,1.0,L1,Repeating_Blips
1253942358.872,13.171,0.094,0.998,L1,Repeating_Blips
1251552965.981,10.294,0.969,1.0,L1,Repeating_Blips
1245571783.041,10.677,0.023,1.0,L1,Repeating_Blips
1248688961.858,16.925,0.672,0.986,L1,Repeating_Blips
1239637412.405,10.303,1.703,0.92,L1,Repeating_Blips
1239435186.754,7.992,0.698,0.929,L1,Repeating_Blips
1243630837.371,35.356,0.813,0.98,L1,Repeating_Blips
1252469724.956,8.103,0.004,0.937,L1,Repeating_Blips
1244880666.402,20.579,1.508,1.0,L1,Repeating_Blips
1251548848.486,8.155,0.125,0.939,L1,Repeating_Blips
1246605798.116,12.37,0.13,1.0,L1,Repeating_Blips
1250069855.361,21.342,0.639,0.98,L1,Repeating_Blips
1239620028.927,18.129,0.375,0.988,L1,Repeating_Blips
1249851176.206,12.868,0.188,1.0,L1,Repeating_Blips
1250706329.019,34.824,0.758,0.983,L1,Repeating_Blips
1244610927.667,123.054,1.836,1.0,L1,Repeating_Blips
1252535302.624,9.612,0.016,1.0,L1,Repeating_Blips
1242265625.348,13.722,3.375,0.996,L1,Repeating_Blips
1249672772.293,36.604,1.75,1.0,L1,Repeating_Blips
1240270470.236,9.093,0.047,0.999,L1,Repeating_Blips
1244330390.066,8.619,0.25,0.998,L1,Repeating_Blips
1243254107.496,58.714,1.078,0.995,L1,Repeating_Blips
1248757443.993,15.642,2.375,1.0,L1,Repeating_Blips
1240600628.261,11.804,0.063,0.944,L1,Repeating_Blips
1241818036.063,43.4,3.494,0.978,L1,Scattered_Light
1251055619.375,7.554,1.25,0.999,L1,Scattered_Light
1238513794.563,43.028,3.0,0.964,L1,Scattered_Light
1241472499.625,8.531,1.402,1.0,L1,Scattered_Light
1253566015.125,8.38,1.125,0.997,L1,Scattered_Light
1249770258.813,14.009,4.094,0.902,L1,Scattered_Light
1243254169.688,7.628,0.889,0.987,L1,Scattered_Light
1242242625.563,112.167,5.0,0.915,L1,Scattered_Light
1245069752.375,16.639,3.005,0.98,L1,Scattered_Light
1240229896.188,7.733,1.0,0.95,L1,Scattered_Light
1242266571.813,11.83,1.875,0.996,L1,Scattered_Light
1238507532.875,25.471,3.609,0.969,L1,Scattered_Light
1250414677.156,8.259,1.25,0.953,L1,Scattered_Light
1240843658.313,9.396,1.047,0.998,L1,Scattered_Light
1238514517.938,106.614,10.5,0.99,L1,Scattered_Light
1239164490.125,35.199,6.5,0.949,L1,Scattered_Light
1239136329.313,7.508,1.109,0.979,L1,Scattered_Light
1253629513.375,36.868,4.0,0.974,L1,Scattered_Light
1241803871.438,44.31,3.35,0.997,L1,Scattered_Light
1241812673.188,72.985,3.301,0.999,L1,Scattered_Light
1239166800.688,96.607,11.25,0.999,L1,Scattered_Light
1238514719.438,49.714,3.259,0.997,L1,Scattered_Light
1241806242.063,287.986,25.0,0.999,L1,Scattered_Light
1243595587.063,9.76,1.344,0.998,L1,Scattered_Light
1245472209.375,30.187,6.5,0.991,L1,Scattered_Light
1245038976.688,189.128,10.617,0.918,L1,Scattered_Light
1238510392.625,18.439,3.134,0.925,L1,Scattered_Light
1249385895.625,7.998,1.563,0.993,L1,Scattered_Light
1238513625.688,37.373,3.25,0.996,L1,Scattered_Light
1239199125.063,74.786,13.25,0.905,L1,Scattered_Light
1239634241.813,8.407,1.25,0.972,L1,Scattered_Light
1250975704.938,7.761,0.875,0.998,L1,Scattered_Light
1241790819.813,60.667,3.405,0.912,L1,Scattered_Light
1252938165.063,8.258,1.506,0.941,L1,Scattered_Light
1245486781.938,139.011,4.495,0.916,L1,Scattered_Light
1245039932.188,114.76,11.5,0.94,L1,Scattered_Light
1241800207.688,70.178,2.25,0.999,L1,Scattered_Light
1253401200.375,220.046,8.5,0.999,L1,Scattered_Light
1239106521.375,86.142,5.756,0.999,L1,Scattered_Light
1241793115.625,33.935,3.611,0.979,L1,Scattered_Light
1245025483.125,38.629,4.135,0.939,L1,Scattered_Light
1241682538.688,8.348,0.875,0.978,L1,Scattered_Light
1243329292.688,7.916,1.0,0.914,L1,Scattered_Light
1243603920.688,8.326,1.0,0.977,L1,Scattered_Light
1241803503.188,75.694,9.75,0.968,L1,Scattered_Light
1243338324.219,8.495,1.758,0.981,L1,Scattered_Light
1239220223.375,23.996,2.75,0.972,L1,Scattered_Light
1253305172.063,8.253,1.0,0.991,L1,Scattered_Light
1238902304.813,11.6,3.977,0.998,L1,Scattered_Light
1245040858.188,267.647,12.842,0.908,L1,Scattered_Light
1246923360.633,9.604,1.228,1.0,L1,Scratchy
1246922708.605,9.061,0.598,1.0,L1,Scratchy
1246921040.203,7.7,0.323,1.0,L1,Scratchy
1246922336.854,10.173,2.031,1.0,L1,Scratchy
1247768131.094,8.664,1.285,0.958,L1,Scratchy
1246921673.719,11.509,1.0,1.0,L1,Scratchy
1246921213.241,8.211,0.641,1.0,L1,Scratchy
1238294270.07,16.718,1.438,0.962,L1,Scratchy
1247691104.922,8.299,2.049,0.993,L1,Scratchy
1250703422.539,16.809,2.401,1.0,L1,Scratchy
1245723899.422,14.827,4.625,1.0,L1,Scratchy
1241468812.535,12.52,2.414,0.998,L1,Scratchy
1246922018.436,9.895,1.117,1.0,L1,Scratchy
1246923534.922,8.975,0.5,0.999,L1,Scratchy
1249844991.969,13.964,3.777,1.0,L1,Scratchy
1241474144.031,23.397,4.375,0.999,L1,Scratchy
1248770444.73,12.868,0.882,0.999,L1,Scratchy
1246921427.844,9.466,0.839,0.986,L1,Scratchy
1246936618.619,7.779,1.875,0.996,L1,Scratchy
1238445393.188,13.919,15.5,0.989,L1,Scratchy
1249843925.422,12.717,2.972,0.999,L1,Scratchy
1246921186.451,8.368,0.612,1.0,L1,Scratchy
1251233578.035,9.229,0.625,1.0,L1,Scratchy
1246921611.102,8.406,0.563,0.965,L1,Scratchy
1244193884.008,7.785,0.969,1.0,L1,Scratchy
1246920867.531,17.547,2.858,1.0,L1,Scratchy
1246921008.947,11.734,1.07,1.0,L1,Scratchy
1246923834.08,8.272,0.315,0.969,L1,Scratchy
1244193892.367,7.554,0.313,0.99,L1,Scratchy
1238190193.172,8.188,1.074,1.0,L1,Scratchy
1242314066.824,15.647,4.375,0.973,L1,Scratchy
1246921196.297,12.685,1.287,1.0,L1,Scratchy
1246922879.783,7.597,0.148,0.997,L1,Scratchy
1242312196.594,22.504,4.949,0.993,L1,Scratchy
1247871839.156,13.288,3.125,1.0,L1,Scratchy
1246921647.229,7.926,0.875,1.0,L1,Scratchy
1238185659.57,11.384,3.874,1.0,L1,Scratchy
1246936679.977,9.305,2.457,1.0,L1,Scratchy
1238294273.867,20.181,2.0,0.998,L1,Scratchy
1250879223.211,21.292,5.335,0.984,L1,Scratchy
1238423293.525,9.286,1.0,0.914,L1,Scratchy
1246921544.766,9.833,0.832,1.0,L1,Scratchy
1246921784.219,8.784,1.003,1.0,L1,Scratchy
1246922683.906,9.496,0.438,0.999,L1,Scratchy
1246922418.281,8.442,0.563,1.0,L1,Scratchy
1243715034.77,9.12,0.25,0.965,L1,Scratchy
1246921906.578,11.339,0.828,1.0,L1,Scratchy
1246920995.547,10.836,1.871,1.0,L1,Scratchy
1246920879.328,8.155,0.887,1.0,L1,Scratchy
1246920898.977,10.245,2.859,1.0,L1,Scratchy
1238752257.793,18.611,0.648,0.998,L1,Tomte
1249588680.348,12.711,0.754,1.0,L1,Tomte
1246203354.191,17.965,1.031,0.998,L1,Tomte
1243411401.48,12.894,0.25,0.999,L1,Tomte
1250275745.691,11.579,0.25,1.0,L1,Tomte
1248749805.443,10.314,1.68,1.0,L1,Tomte
1248118518.627,12.081,0.375,1.0,L1,Tomte
1250622248.908,12.21,0.188,0.993,L1,Tomte
1242156854.213,17.759,3.037,1.0,L1,Tomte
1249004108.395,12.241,0.65,1.0,L1,Tomte
1252232529.488,14.655,0.75,0.999,L1,Tomte
1246691579.184,19.988,1.064,1.0,L1,Tomte
1244994230.193,33.872,0.875,1.0,L1,Tomte
1245342684.824,14.847,0.627,0.996,L1,Tomte
1241723946.998,13.111,0.25,1.0,L1,Tomte
1246359483.332,10.472,0.541,0.955,L1,Tomte
1242240387.568,13.018,0.188,0.999,L1,Tomte
1252854624.051,14.315,0.5,1.0,L1,Tomte
1239072467.809,9.463,0.094,0.998,L1,Tomte
1244109627.77,9.293,0.094,0.942,L1,Tomte
1252954604.652,19.878,0.938,1.0,L1,Tomte
1241468530.182,12.666,1.865,1.0,L1,Tomte
1243295439.324,15.141,0.375,1.0,L1,Tomte
1250742213.498,18.414,0.625,1.0,L1,Tomte
1238832520.902,26.648,1.18,1.0,L1,Tomte
1238233591.121,28.182,1.25,1.0,L1,Tomte
1248263416.262,13.193,0.564,0.997,L1,Tomte
1252045022.996,20.789,1.125,1.0,L1,Tomte
1244728808.926,16.507,0.375,1.0,L1,Tomte
1244787553.182,15.593,0.375,1.0,L1,Tomte
1253087824.793,8.836,0.156,0.993,L1,Tomte
1248828010.631,16.598,1.0,1.0,L1,Tomte
1251406623.895,34.006,1.482,1.0,L1,Tomte
1242969493.035,21.862,0.724,1.0,L1,Tomte
1251541851.947,14.44,0.393,1.0,L1,Tomte
1239518878.877,15.463,0.375,1.0,L1,Tomte
1248402302.689,13.53,0.313,0.982,L1,Tomte
1242560850.004,16.816,0.5,1.0,L1,Tomte
1240826757.551,10.619,0.476,1.0,L1,Tomte
1238552647.902,11.545,0.959,0.999,L1,Tomte
1244777889.918,16.448,0.805,1.0,L1,Tomte
1244611810.832,8.901,0.313,0.972,L1,Tomte
1247582867.402,12.34,0.188,0.994,L1,Tomte
1250720861.006,9.212,0.094,0.999,L1,Tomte
1245032035.098,13.861,0.25,1.0,L1,Tomte
1240236178.379,9.531,0.275,0.987,L1,Tomte
1238910213.902,22.803,1.0,0.999,L1,Tomte
1253324827.902,10.048,0.125,1.0,L1,Tomte
1253655478.801,12.124,0.188,0.999,L1,Tomte
1249483331.607,10.414,0.526,1.0,L1,Tomte
1251899882.125,15.581,0.5,0.94,L1,Violin_Mode
1243943810.268,13.231,0.553,0.997,L1,Violin_Mode
1249622022.997,12.174,0.016,0.948,L1,Violin_Mode
1249275858.125,10.883,0.52,0.985,L1,Violin_Mode
1250444868.716,22.054,0.031,0.952,L1,Violin_Mode
1248827652.032,16.391,0.031,0.95,L1,Violin_Mode
1243612878.379,7.908,0.322,0.996,L1,Violin_Mode
1249997414.03,9.626,0.84,0.934,L1,Violin_Mode
1243784810.125,15.667,0.75,0.934,L1,Violin_Mode
1249203080.245,13.328,0.098,0.997,L1,Violin_Mode
1243607692.279,7.839,0.58,0.998,L1,Violin_Mode
1250948007.833,10.422,0.023,0.917,L1,Violin_Mode
1243349570.223,8.977,0.228,0.975,L1,Violin_Mode
1249673103.218,19.641,0.072,0.973,L1,Violin_Mode
1249328139.055,10.614,0.008,0.976,L1,Violin_Mode
1240237426.25,22.722,0.2,0.997,L1,Violin_Mode
1243613127.426,13.009,0.02,0.979,L1,Violin_Mode
1243408724.67,10.783,1.0,0.922,L1,Violin_Mode
1240310238.211,9.284,0.314,0.973,L1,Violin_Mode
1250540564.203,8.714,0.091,0.997,L1,Violin_Mode
1249015998.042,30.661,1.135,0.974,L1,Violin_Mode
1242412250.506,9.683,0.262,0.902,L1,Violin_Mode
1250440220.581,9.57,0.016,0.933,L1,Violin_Mode
1250541029.769,13.084,0.027,0.934,L1,Violin_Mode
1250471014.683,8.722,0.008,0.953,L1,Violin_Mode
1251330854.125,59.101,1.5,0.907,L1,Violin_Mode
1249241576.456,11.058,1.875,0.99,L1,Violin_Mode
1250930771.276,16.196,0.231,0.99,L1,Violin_Mode
1243351909.338,7.548,1.0,0.969,L1,Violin_Mode
1245803535.256,16.578,0.278,0.971,L1,Violin_Mode
1250442098.714,13.404,0.02,0.919,L1,Violin_Mode
1250122594.76,9.416,0.102,0.989,L1,Violin_Mode
1249068521.188,15.945,0.023,0.941,L1,Violin_Mode
1252783346.592,7.943,0.672,0.9,L1,Violin_Mode
1253423739.718,10.179,0.069,1.0,L1,Violin_Mode
1247907701.412,13.888,0.092,0.903,L1,Violin_Mode
1249871756.701,10.305,0.042,0.9,L1,Violin_Mode
1238768832.598,7.897,1.037,0.953,L1,Violin_Mode
1238178942.289,9.134,1.621,0.994,L1,Violin_Mode
1247865584.302,11.013,0.649,0.962,L1,Violin_Mode
1249024385.544,15.892,0.069,0.984,L1,Violin_Mode
1241410606.172,7.765,0.133,0.935,L1,Violin_Mode
1249966406.7,10.681,1.509,0.93,L1,Violin_Mode
1243609418.241,14.142,1.312,0.998,L1,Violin_Mode
1249362714.125,13.471,0.25,0.97,L1,Violin_Mode
1249966589.242,12.4,0.031,0.95,L1,Violin_Mode
1248976883.875,28.44,1.0,0.916,L1,Violin_Mode
1240253588.829,12.809,0.023,0.994,L1,Violin_Mode
1249845003.959,23.66,3.093,0.981,L1,Violin_Mode
1238191521.373,9.959,0.855,0.984,L1,Violin_Mode
1253901602.23,53.631,0.695,0.998,L1,Wandering_Line
1238190075.473,8.365,3.27,0.912,L1,Wandering_Line
1253459031.832,13.793,0.25,0.932,L1,Wandering_Line
1238190477.93,12.053,5.552,0.968,L1,Wandering_Line
1238190487.93,12.406,2.86,0.908,L1,Wandering_Line
1238180521.197,10.285,5.5,0.999,L1,Wandering_Line
1253901601.605,19.938,0.203,0.983,L1,Wandering_Line
1240945174.113,14.173,0.492,0.999,L1,Wandering_Line
1238184681.205,9.849,10.5,0.959,L1,Wandering_Line
1238188839.717,12.455,3.75,0.978,L1,Wandering_Line
1238190256.352,9.338,2.96,0.909,L1,Wandering_Line
1253562949.596,46.659,1.276,0.903,L1,Wandering_Line
1238180519.074,7.757,0.508,0.968,L1,Wandering_Line
1238188675.709,12.041,11.894,0.996,L1,Wandering_Line
1238189599.012,11.398,5.072,1.0,L1,Wandering_Line
1253901600.285,55.119,0.789,0.932,L1,Wandering_Line
1253547937.488,12.996,0.172,0.958,L1,Wandering_Line
1253459028.949,46.654,0.489,1.0,L1,Wandering_Line
1253459028.455,28.854,0.247,0.996,L1,Wandering_Line
1238191055.758,10.617,5.62,0.987,L1,Wandering_Line
1245278568.388,8.433,0.589,1.0,L1,Whistle
1251166024.241,12.884,0.031,0.987,L1,Whistle
1248498864.15,10.698,0.201,0.956,L1,Whistle
1249443267.454,28.912,0.151,0.998,L1,Whistle
1249724785.351,21.49,0.063,0.994,L1,Whistle
1249447598.349,9.46,0.023,0.989,L1,Whistle
1238189138.39,9.653,1.009,1.0,L1,Whistle
1238190934.427,8.108,0.931,0.918,L1,Whistle
1248311137.737,25.864,0.119,0.97,L1,Whistle
1251176956.313,28.523,0.035,0.981,L1,Whistle
1250119622.43,29.107,0.039,0.965,L1,Whistle
1238189943.799,8.745,1.062,1.0,L1,Whistle
1238190788.74,7.965,0.645,1.0,L1,Whistle
1238189516.711,12.963,3.528,0.91,L1,Whistle
1250571910.38,10.142,0.016,0.938,L1,Whistle
1249627025.684,14.814,0.031,0.997,L1,Whistle
1238190963.568,8.772,3.127,0.996,L1,Whistle
1238188973.221,7.978,1.21,0.997,L1,Whistle
1248851499.084,33.299,0.039,0.904,L1,Whistle
1238184590.445,8.307,1.4,0.996,L1,Whistle
1248331557.115,22.457,0.035,0.916,L1,Whistle
1243759379.141,13.037,0.031,0.961,L1,Whistle
1238189635.912,7.821,1.043,0.998,L1,Whistle
1238188996.533,8.324,11.082,1.0,L1,Whistle
1248500623.588,7.562,0.012,0.947,L1,Whistle
1253423475.518,37.255,0.047,1.0,L1,Whistle
1238191254.364,7.746,1.518,0.953,L1,Whistle
1238191411.814,8.514,1.753,0.99,L1,Whistle
1245781265.907,24.809,0.031,0.979,L1,Whistle
1238184352.923,8.001,0.46,0.999,L1,Whistle
1251143630.268,10.776,0.09,0.991,L1,Whistle
1249528582.379,36.093,0.039,1.0,L1,Whistle
1249656215.167,38.696,0.043,0.998,L1,Whistle
1249078212.228,29.134,0.035,0.94,L1,Whistle
1245589176.889,15.349,0.223,1.0,L1,Whistle
1250291141.958,40.733,0.039,0.986,L1,Whistle
1238188459.645,7.688,1.633,0.999,L1,Whistle
1238192233.889,7.664,2.643,0.995,L1,Whistle
1241905855.164,10.405,0.094,0.906,L1,Whistle
1249299605.019,31.545,0.035,0.97,L1,Whistle
1249492915.177,25.532,0.035,0.934,L1,Whistle
1248677354.676,24.766,0.035,0.981,L1,Whistle
1249933441.447,108.625,2.607,0.999,L1,Whistle
1250799488.905,30.853,0.035,0.948,L1,Whistle
1249235071.649,28.115,0.035,0.981,L1,Whistle
1238190969.416,8.184,1.272,0.988,L1,Whistle
1238190747.982,9.269,2.931,1.0,L1,Whistle
1250523026.546,15.316,0.031,0.984,L1,Whistle
1248799482.931,60.297,0.973,1.0,L1,Whistle
1252783344.793,34.945,0.625,0.999,L1,Whistle
